ID,Ref,Country,RansomwareName,RansomwareType,Group,Sector,SectorDetailed,Description,ArticleDate,AttackDate
1,[1],Global,Sodinokibi,C,REvil,Finance,Finance,Ransomware attack on Travelex currency exchange,2020-04-16,2020-01-02
2,[3][4],US,?,C,?,Education,Education,Ransomware attack shuts down some Michigan schools - Latest of a string of K-12 ransomware attacks ,2020-01-02,2020-01-01
3,[107],US,ReEvil,C,ReEvil/Sodinokibi,Technology,Technology/ IT staffing company,"Artech Information Systems, one of the largest IT staffing companies in the USreported their second ransomware attack in nine months. The REvil gang were responsible for the attack which was picked up by the company following reports of suspicioUSactivity",2020-09-04,2020-01-06
4,[5][6],US,Ryuk,C,Wizard Spider,Other,Jornalism,Tampa Bay Times hit by ransomware attack locking them out of systems ,2020-01-23,2020-01-23
5,[24],Australia,Netwalker/MaliTo,C,Netwalker,Logistics,"Freight, warehouse, and distribution services",Toll Group hit by MaliTo attack,2020-02-20,2020-01-21
6,[7][8],Croatia,Clop,C (Cryptmix),Clop,Other,Energy,INA Group oil company hit by ransomware attack infecting the backend servers,2020-10-12,2020-02-14
7,[9],China,CXK_NMSL,RaaS(?),?,Other,Communications,Spreading of CXK-NMSL ransomware through COVID-19 themed emails,2020-02-18,2020-02-09
8,[9],China,Dharma/Crysis,RaaS(?),?,Other,Communications,Spreading of Dharma/Crysis ransomware through COVID-19 themed emails,2020-02-18,2020-02-13
9,[10],US,Netwalker,C / RaaS,CircUS Spider/Mummy Spider,Healthcare,Health,The spread of netwalker ransomware throughout health systems in Champaign Urbana Public Health District (Illinois) ,2020-09-11,2020-03-10
10,[11],Spain,Netwalker,C/RaaS,CircUS Spider/Mummy Spider,Other,Communications,Restroom use email contains Netwalker ransomware ,2020-03-24,2020-03-24
11,[12],UK,Maze(?),C/RaaS,Maze,Healthcare,Health ,"Hammersmith Medical Centre responsible for vaccine research attacked by Maze ransomware group, ",2021-02-16,2020-03-14
12,[13],Czech Republic ,?,C,?,Healthcare,Health,Brno University Hospital Czech hosptial covid 19 testing facillities hit with ransomware attack,2020-03-13,2020-03-13
13,[14],US,Clop,C,Clop,Healthcare,Health/Testing,ExecuPharm pharmaceuticals attacked by ransomware causing private infromation to be published online. ,2020-04-17,2020-03-13
14,[15],US,Ryuk,C,Ryuk(?),Healthcare,Health,10X Genomics hit by ransomware attack whilst searching for antibody therapies,2020-04-01,2020-03-25
15,[16],US,Revil/Sodinokibi,C,Revil/Sodinokibi,Government,Government,"Jupiter, Florida govemerment systems including email, utility payment and planning submisisions knocked offline via ReEvil ransomware",2020-04-01,2020-03-21
16,[17],Switzerland,Maze(?),C/RaaS,Maze,Technology,CyberSecurity/Insurance and Reinsurance,Major cyber insurer Chubb targeted and allegedly hit by Maze ransomware ,2020-03-26,2020-03-26
17,[18],US,Maze(?),C/RaaS,Maze,Technology,IT Consulting & OtherServices,Fortune 500 company Cognizant's IT Serviceshit by Maze attack ,2020-04-18,2020-04-18
18,[19],US,?,C,?,Healthcare,Health/Healthcare,Fortune 500 company Magellan hit by ransomware after phising attack earlier in the year ,2020-10-07,2020-04-11
19,[20],UK,Revil/Sodinokibi,C (Human Operated),ReEvil/Sodinokibi,Healthcare,Health,Hospital and home VPN's increasingly vulnerable to ransomware explots,2020-04-02,2020-04-01
20,[21],Portugal,Ragnar Locker,C,Ragnarok ,Other,Energy,Portuguese Wind giant EDP hit by Ragnarok leading to 10TB of data being stolen,2020-04-17,2020-04-13
21,[34],Germany,Snake/Ekans,C (Golang),?,Healthcare,Health Care,FreseniUShit by Snake attack causing shortages to Dialysis machenes which affected covid 19 paitients,2020-05-06,2020-05-05
22,[35],Taiwan,?,?,?,Other,Energy,Taiwan CPC Corp hit by attack disruption for those attempting to purchase gas.,2020-05-05,2020-05-05
23,[36],Germany,?,L,?,Education,Education,"Ruhr University Bochum were forced to shut down large parts of their central IT infrastructure, including their backup systems after a ransomware attack occurred overnight.Most likely occurred through emails",2020-05-07,2020-05-07
24,[37],Switzerland,?,C,?,Other,Construction ,Swiss company Stadler attacked by ransomware as hackers threatened to publish sensitive data ,2020-05-07,2020-05-06
25,[38],US,Maze(?),C,Maze,Services,Buissness Services,Pitney Bowes disclosed that they had been hit by Maze ransomware less than a year after they were hit by a similar attack,2020-05-11,2020-05-04
26,[39],UK,Revil/Sodinokibi,C,ReEvil/Sodinokibi,Other,Energy/Electricity,"Elexon, company used to balance te UK energy market hit by attack causing sensitive internal data to be stolen and published ",2020-08-07,2020-05-11
27,[40],US,?,?,?,Government,Government,"Ransomware attack launched on the Office of Court Administration, the court system in Texas",2020-05-11,2020-05-08
28,[41],Australia,?,L,?,Manufacturing,Steel ,"Australian BlueScope Steel hit by alleged attack thought to be caused by employees opening contaminated email attachments, causing impact to global production",2020-05-15,2020-05-08
29,[42],Hong Kong,?,C,?,Government,Government,"Anglo-Eastern, one of the largest ship managers based in Hong Kong was hit with a ransomware attac, incident was contained and no data was lost",2020-05-18,2020-05-18
30,[43],Australia,Revil/Sodinokibi,C,ReEvil/Sodinokibi,Retail,Retail,In Sport’s head office hit by ransomware. The firm was unable to confirm what data had been accessed but they revealed that the attackers used REvil/Sodinokibi ransomware.,2020-06-11,2020-05-16
31,[44],Canada,?,L,?,Other,Research,Northwest Atlantic Fisheries Organization (NAFO) [47] has experienced a ransomware attack where the servers were unavailable for sometime.,2020-05-27,2020-05-24
32,[45],Austria,Netwalker,C,?,Government,Government,"City of Weiz, Austria hit by Netwalker attack affecting the public service system and leaked some of the stolen data from building applications and inspections. Done through phishing emails relate to the COVID -19 crisis. ",2020-05-27,2020-05-26
33,[22],US,Revil/Sodinokibi,C,Revil/Sodinokibi,Other,Law ,Grubman Shire Meiselas & Sacks ransomware attack steals celebrity data,2020-05-08,2020-05-08
34,[23],Australia,Nefilim,C/RaaS,Water Roc(?),Logistics,"Freight, warehouse, and distribution services",Fright group Toll Group hit by Nefilim attacks through exposed RDP protocols,2020-08-06,2020-05-08
35,[25],US,?,C,? ,Technology,Technology,Cloud Computing provider Blackbaud hit by ransomware attack,2020-09-29,2020-05-09
36,[26],US,ProLock(?),C,?,Technology,TechnologyBanking & Retail,"ATM giant Diebold Nixdorf hit by attack, through RDP protocols, shows an increase in attacks on larger companies",2019-05-29,2020-05-11
37,[62],US,RansomEXX,C,RansomEXX,Other,Transportation,Texas Department of Transportation hit by new RansomEXX gang causing disruption ,2020-07-02,2020-05-14
38,[33],UK,?,?,?,Manufacturing,Construction,Interserve who work with BAM hit by cyber attacks after building Nightingale hosptials,2020-05-25,2020-05-04
39,[32],UK,?,?,?,Manufacturing,Construction,BAM Construct responsible for covid 19 deliveries to Humber hit by attack,2020-05-13,2020-05-04
40,[27],US,Netwalker/MaliTo,C,Netwalker,Education,Education,Michigan State University physics department hit by MaliTo attack,2020-05-28,2020-05-25
41,[28],US,Maze(?),C/RaaS,Maze,Technology,"Information Technology, Staffing",IT staffing and buissness giant Collabera hit by Maze ransomware attack showing those you least expect are impacted. ,2020-07-17,2020-06-08
42,[29],US,Maze(?),C/RaaS,Maze,Technology,Technology,"Printing giant Xerox hit by ransomware attack, allegedly through Maze ",2020-07-01,2020-06-25
43,[30],US,Snake/Ekans,C (Golang),? ,Other,Automobiles Conglomerate,Honda offices hit by Ekans attack in offices disrupting global factory operations ,2020-06-09,2020-06-08
44,[31],US,Netwalker,C,Netwalker,Education,Education,Columbia College Chicago threatens to sell student data and COVID-19 research information after Netwalker ransomware attack,2020-06-05,2020-06-02
45,[46],South Africa,?,L,?,Other,Telecommuncations ,"Telkom SA SOC Ltd.hit by attack, reported that the attack led to outages across several systems with remote staff unable to connect to the servers or VPN.",2020-06-01,2020-06-01
46,[47],US,Netwalker,C,Netwalker,Education,Education,University of California paid $1.14m to Netwalker to save student data and vital covid research as they attacked the School of Medicine IT Enviroment,2020-06-29,2020-06-01
47,[48],US,DopplePaymer,C,DopplePaymer,Government,Government,"City of Florance, Alabama. Cyberattack shut down the city’s email system. The city reportedly paid over $250K to recover the encrypted data.",2020-06-09,2020-06-05
48,[49],Singapore ,Maze,C/RaaS,Maze,Manufacturing,Industrials,"VT San Antonio Aerospace, the USsubsidiary of ST Engineering Aerospace in Singapore. The ransomware attack from Maze resulted in the exposure of confidential company data including Governmentcontracts.",2020-06-05,2020-06-05
49,[50],Australia,?,C,?,Other,Beverage,"Beverage company Lion hit by unknown attack, data has been suspected to be on the Dark Web but currently no proof the company has been exfiltrated",2020-06-09,2020-06-09
50,[51],US,Maze,C,Maze,Technology,Technology,"Westech International was the victim of a Maze ransomware attack. Hackers were able to access sensitive employee information, but it is still unconfirmed whether any classified military information was accessed.",2021-06-28,2020-06-03
51,[52],Norway,?,L?,?,Manufacturing,Engineerring,"Norwegian shipbuilder Vard, Europe’s first attack of the month. Local reports indicate that company servers were hit with an encryption attack which led to disruption and downtime",2020-06-10,2020-06-09
52,[53],New Zealand,Netflim,C/RaaS,Water Roc(?),Retail,Retail,"Fisher and Paykel, A white-goods manufacturer based in New Zealand disclosed they had been targeted by Nefilim ransomware. Although the attack was quickly identified, the hackers did disclose an initial leak of the company’s corporate files on the Dark Web.",2020-06-11,2020-06-06
53,[54],US,Maze,C/Raas,Maze(?),Retail,Retail,"Threadstone Advisors, a mergers and acquisitions firm whose client list includes Victoria Beckham.The Maze ransomware gang insisted that they had exfiltrated and encrypted sensitive company data.",2020-06-11,2020-06-11
54,[55],US,?,C,?,Government,Government,"Overnight attack on the City of Knoxville. Fortunately emergency Serviceswere not affected in the attack, but by the time it was noticed by the IT department the ransomware had already encrypted multiple systems",2020-06-26,2020-06-10
55,[56],Italy,Snake/Ekans,C (Golang),? ,Other,Energy,Enel Group attacked by Snake group causing temporary disruptions,2020-06-12,2020-06-07
56,[57],US,?,C,?,Healthcare,Health,Rhode Island-based Care New England (CNE) was victim of a cyberattack ,2020-06-22,2020-06-16
57,[58],US,?,C,?,Technology,Technology,Connectwise partners hit with attack due to a software flaw on their platform. ,2020-06-19,2020-06-12
58,[59],US,Maze,C,Maze,Technology,"Business Services, Digital Printing Solutions","Xerox hit by Maze ransomware attack, data is leaked by company refuses to make statement",2020-08-04,2020-06-13
59,[60],US,Maze,C,Maze ,Retail,Consumer electronics,"LG hit by Maze ransomware attack, data is later published but LG refuses to make a statement",2020-08-04,2020-06-22
60,[61],US,DopplePaymer,C,DopplePaymer,Manufacturing,Manufacturing,Car giant Mitsubishi. The Doppelpaymer gang are allegedly threatening to leak data from the organization,2020-06-26,2020-06-22
61,[62],US,?,C,?,Technology,Software Publishing,"Blackbaud attacked in May 2020 but disclosed the attack in June 2020, universities affected and a ransom was paid",2020-07-23,2020-06-24
62,[63],US,Netwalker,C,Netwalker,Other,Transportation,"Trinity Metro, a transit agency that operates bUSand commuter rail transportation Servicesin Fort Worth. Phone lines and booking systems were down following the attack and a post on the NetWalker gang website showed more than 200 Trinity Metro folders containing information that was apparently exfiltrated from the agency before its systems were disrupted.",2020-07-02,2020-07-01
63,[64],US,Revil/Sodinokibi,C,ReEvil/Sodinokibi,Government,Government,Cooke County found themselves the next victim of REvil ransomware. The attackers threatened to start releasing data within 7 days of the attack after posting screenshots thought to be documents and data from the county’s police department on the Dark Web.,2020-07-06,2020-07-03
64,[65],US,?,?,? ,Government,Government,Chilton Country implimented a shutdown after being targeted by an attack on the morning of July 7. The incident which caused a temporary disruption to the County’s computer records systems including the tag office and probate court records was announced via social media.,2020-07-20,2020-07-07
65,[66],France,Netflim,C,Netflim,Technology,Telecommunications,"Orange felt victim to Netflim ransomware. Luckily for Orange and its 266 million customers, the incident was only related to its business Servicesdivision. Data exfiltrated from Orange customers was later added to the Nefilim Dark Web site that details corporate leaks.",2020-07-16,2020-07-04
66,[67],Argentina,Revil/Sodinokibi,C,ReEvil/Sodinokibi,Technology,Telecommunications/Internet providers, Telecom Argentina fell victim to what has been described as a massive ransomware attack with the cybercriminals demanding that $7.5 million be paid in the privacy coin Monero.,2020-07-20,2020-07-18
67,[68],US,WastedLocker,C,Evil Corp,Technology,Technology,Garmin attack by evil corp resulting in £10m ransom paid. The attack took the business entirely offline for more than three days and is believed to have been carried out by a Russian cybercriminal gang which calls itself “Evil Corp”.,2020-07-27,2020-07-23
68,[69],Germany,Netflim,C,Netflim,Other,Facility Management," Dussman Group, a global facility management specialist  The multinational company which employs over 66,000 staff worldwide and makes billions of euros in sales annually was reportedly struck by the Nefilim variant. After the attack the criminal group began posting 16,000 files to the Dark Web as proof of the attack.",2020-07-28,2020-07-27
69,[70],US,?,C,?,Finance,Finance,"SEC Warning of Ransomware attacks on USbanks, the SEC issued a warning about a rise in ransomware attacks on U.S. financial firms.",2020-07-10,2020-07-10
70,[71],Japan,RansomEXX,C,RansomEXX,Technology,Electronics,"Konica Minolta hit by their second attack taking down their company Servicesfor a week by RansomEXX, this ransomware does not have the ability to steal files. Meaning whoever was behind the attack needed to compromise the network and infiltrate all of the devices before running the malware.",2020-08-16,2020-07-30
71,[72],Netherlands,Ragnar Locker,C,? Ragnar Locker,Other,Travel Management,"CWT ransomware attack by Ragnar Locker group caused 30,000 company computers offline and cost the company a $4.5 million ransom to get up and running again. ",2020-07-31,2020-07-27
72,[73],Australia,Maze(?),C,Maze?,Healthcare,Healthcare(Aged care),Regis was the victim of an international cyberattack that led to the loss of personal data. The company told investors that an “overseas third party” was responsible for the attack which resulted in data being copied from its servers and publicly released.,2020-08-03,2020-08-02
73,[74],US,?,C,?,Healthcare,Healthcare,"Muskingum Valley Health Center made the headlines next when they notified more than 7,000 patients that their personal information may have been exposed in a ransomware attack on its EHR system",2020-07-31,2020-06-02
74,[75],US,DopplePaymer,C,DopplePaymer,Healthcare,Healthcare,"Boyce Technologies, a manufacturer of transit communication systems that pivoted to build ventilators during the COVID-19 pandemic was the next victim of the DoppelPaymer ransomware gang.",2020-08-07,2020-08-06
75,[76],US,?,C,?,Manufacturing,Construction,"Cornerstone Building Brands, a top manufacturer of windows confirmed an attack and launched an investigation",2020-08-11,2020-08-09
76,[77],Japan,Maze,C,Maze,Retail,Electronics,"Canon whose Servicesdivision experienced an outage caused by a Maze ransomware attack. Internal applications, email servers, Microsoft Teams, and the USwebsite were impacted.",2020-08-06,2020-07-30
77,[78],US,?,C,?,Other,Hospitality/Tourism,Carnival hit by attack causing data to be stolen. ,2020-08-17,2020-08-15
78,[79],US,Sodinokibi(?),C,ReEvil (?),Other,Alcoholic drinks," Brown-Forman, the Louisville, Kentucky based manufacturer of Jack Daniels. The company was reportedly able to intervene before attackers could encrypt its systems and is working with law enforcement and third-party experts to mitigate the incident. They claimed about a terabyte of data ",2020-08-15,2020-07-11
79,[80],US,?,C,?,Education,Education,The University of Utah was next to hit the headlines when it was reported that following an earlier ransomware attack they paid a $457K ransom.,2020-08-20,2020-07-19
80,[81],US,?,C,?,Healthcare,Healthcare/ Medical Debt ,"Medical debt collection firm R1 RCM suffered a ransomware attack. The company with more than 19,000 employees and revenues of $1.18 billion in 2019 have contracts with at least 750 Healthcareorganizations nationwide",2020-08-17,2020-08-04
81,[82],South Korea ,Maze(?),C,Maze(?),Technology,Technology,SK Hynix hit by possible Maze attack however the company has yet to comment. ,2020-08-20,2020-08-15
82,[83],Canada,?,C,?,Other,Transportation,"TFI International in a ransomware attack lost USD 6 million just from having to resort to manual sorting, and subsequently had data posted to the dark web when it refused to pay the ransom",2021-04-28,2020-08-19
83,[84],US,?,C,?,Education,Education,"Haywood County Schools in North Carolina were forced to close following an attack. In a statement released by the school, it was disclosed that school staff discovered the incident and that the third-party attacker has requested a ransom to stop the attack.",2020-09-01,2020-08-24
84,[85],US,?,C,?,Other,Transportation (Authority),Southeastern Pennsylvania Transportation Authority (SEPTA) were unable to provide real-time transportation information after an attack caused their systems to fail.,2020-08-24,2020-08-10
85,[86],Canada,DarkSide(?),C,DarkSide (?),Other,Real estate development,"Brookfield Residential Properties , the home construction division of one of Canada’s largest publicly-traded companies, was next to fall victim to an attack. Although the organization did not confirm that the attack was ransomware, a threat group known as DarkSide claimed the attack and threatened to release stolen data unless a ransom was paid.",2020-08-25,2020-08-10
86,[87],US,?,C,?,Education,Education,Gosnell School District in Arkansas. Little has been reported about the attack but it was disclosed that ransomware software infiltrated the school’s system and at the time of writing personal data had not been compromised.,2020-08-26,2020-08-23
87,[88],US,Revil/Sodinokibi,C,ReEvil/Sodinokibi,Technology,Technology/Computer Componants,"California based MA LABS, one of the leading computer component distributors in the United States was the next company to make the list. The REvil ransomware gang claim to have exfiltrated 949 gigabytes of confidential information from the central servers of the company. Company failed to notify there clients and the public, the company also asked for payment via email which is a major red flag",2020-08-31,2020-08-10
88,[89],US,?,C,?,Education,Education,"Fresno, California where back to school was disrupted when a ransomware attack took down the entire network at the Selma Unified School District forcing Fresno-area schools to cancel online classes. One of the programs held was a student information system. ",2020-08-28,2020-08-28
89,[90],Australia,Netwalker,C,Netwalker,Logistics,Commercial and residential sectors,"Workforce design and delivery firm Tandem Corp became a victim of NetWalker ransomware. Screenshots of data allegedly stolen during the attack were published on the Dark Web. The screenshots included files which appeared to contain financial data, personnel information and passport details.",2020-09-02,2020-09-02
90,[91],US,?,L,?,Government,Government,Staff at Key West City Hall were forced to go back to pen and paper when a ransomware attack took their systems offline.,2020-09-03,2020-09-03
91,[92],US,Netwalker,C,Netwalker ,Technology,Cybersecurity/ IT Security,Cygilant hit by Netwalker attack and confirmed by CFO. Impacted a portion of the companys Technologyenviorment. ,2020-09-04,2020-09-03
92,[93],Argentina,Netwalker,C,Netwalker,Other,Law Enforcement,Netwalker attack on Argentina immegration Dirección Nacional de Migraciones. The attack stopped border crossing into the country and ransom doubled from 2 to 4 million,2020-09-06,2020-07-27
93,[94],Chile,Revil/Sodinokibi,C,ReEvil/Sodinokibi,Finance,Finance,"A REvil attack on BancoEstado in Chile. The bank, which is one of Chile’s three largest, was forced to close all of its branches following the attack.",2020-09-07,2020-09-05
94,[95],US,?,L,?,Education,Education,The ransomware attack disrupted the first day back to school for students of Hartford Public Schools in Connecticut when hackers knocked their critical systems offline over Labor Day weekend.,2020-09-08,2020-09-06
95,[96],UK,DopplePaymer,C,DopplePaymer,Education,Education,Newcastle university affected by DopplePaymer group. the DoppelPaymer group has been posting documents it claims to have stolen from its servers to its dedicated “Doppel Leaks” site.,2020-09-04,2020-09-10
96,[97],US,?,C,?,Technology,Technology/Internet ,Equinix was the next firm to reveal they had been hit with a ransomware attack. The organization confirmed that its data centers and managed Servicesremained intact as it was only internal systems affected.,2020-09-09,2020-09-09
97,[98],Thailand,?,C,?,Healthcare,Healthcare,Ransomware attack on the hospital ransomware was detected after it entered the system on Sept 5 at 5.31am. The attacker demanded a ransom of 63 billion baht in Bitcoin to be paid in exchange for unlocking the system.,2020-09-10,2020-09-05
98,[99],Ukraine,?,C,?,Technology,Technology/ Software development,software developer and IT Servicesprovider SoftServe suffered a ransomware attack that may have led to the theft of customers source code.,2020-09-01,2020-09-01
99,[100],US,Conti,C,Conti,Government,Government/ Admnistration ,"The Fourth District Court of Louisiana suffered a Contiattack , a relatively new ransomware strain. The administrative infrastructure of the courts was affected which led to the website being breached and internal documents being posted online.",2020-09-11,2020-09-11
100,[101],US,Maze(?),C,Maze(?),Education,Education,"Students in Fairfax County Public Schools, Virginia’s largest school system were forced to begin the new school year with remote learning after a ransomware attack affected its systems. The hack reportedly didn’t impact distance learning or personal devices but data has now been published",2020-10-09,2020-09-09
101,[102],Canada,Conti(?),C,Conti(?),Logistics,Transportand logistics/ Trucking,"Manitoulin Transport, one of Canada’s largest trucking companies was the next to disclose that they had become the latest victim of attacks targeting firms in Canada’s supply chain. The Contigang posted stolen data but following discussions with the hackers the firm decided not to pay as the information stolen in the attack wasn’t important.",2020-09-11,2020-07-31
102,[103],Netherlands,?,C,?,Government,Government, Veiligheidsregio Noord- en Oost-Gelderland (VNOG) in the Netherlands. The attack damaged internal systems and it is still unclear who was behind it.,2020-09-14,2020-09-12
103,[104],Seychelles,?,C,?,Finance,Finance/Banking,The Development Bank of Seychelles (DBS) was next to find themselves a ransomware victim. DBS is a joint venture by the Seychelles Governmentand several shareholders and at the time of writing they were reportedly unclear about how the attack occurred and the damage was still being assessed.,2020-09-11,2020-09-09
104,[105],Pakistan,Netwalker,C,Netwalker,Other,Energy ,"K-Electric, the sole power distributor in Karachi, Pakistan experienced a ransomware attack by the Netwalker gang. The attack led to the disruption of the power utility’s billing and online Servicesand the attackers requested a ransom of $3.8 million.",2020-09-08,2020-09-07
105,[106],US,Conti(?),C,Conti(?),Education,Education,"Great falls public school. The school district shut down most of its systems to investigate and recover from the attack. At the time of writing they were working with the department of Justice, the National Guard, FBI and Otherprivate consultants to remedy the problem and were yet to disclose where the attack came from or what the attackers were requesting as a ransom.",2020-09-16,2020-09-16
106,[108],US,?,L,?,Education,Education,Newhall School District in California were next to find themselves victimized by ransomware. The attack locked up the systems and led to the cancellation of remote classes as students where told not to log on to the learning systems or use any district device.,2020-09-16,2020-09-15
107,[109],Germany,?,C,?,Healthcare,Health,Duesseldorf University Hospital in Germanysuffered an attack which meant they were unable to accept emergency patients. Sadly this resulted in a loss of life with from Covid-19 after a patient was re-routed to anOtherfacility 20 miles away. A German news outlet reported that the cyberattack was not intended for the hospital and that the ransom note was addressed to a nearby university. The attackers stopped the attack after authorities told them it had actually shut down a hospital.,2020-09-17,2020-09-16
108,[110],US,RansomEXX,C,RansomEXX,Technology,Technology/  Semiconductor Equipment & Materials,"Massachusetts based IPG Photonics, a leading developer of fiber lasers for cutting, welding, medical use, and laser weaponry was next to suffer a ransomware attack. It was reported that RansomExx was behind the attack that shut down the IT systems worldwide, affecting email, phones, and network connectivity in the offices.",2020-09-18,2020-09-18
109,[111],Canada,?,C,?,Education,Education,"Canada next where Ontario’s College of Nurses , the organization that oversees 188,000 members, was next to be hit by an attack. At the time of reporting it was disclosed that personal information may have been impacted but a ransom demand had not yet been received.",2020-09-17,2020-09-08
110,[112],US,SunCrypt,C,SunCrypt,Healthcare,Health ," University Hospital in New Jersey. It was reported that the institution suffered a massive 48,000 document data breach after the ransomware operation leaked their stolen data. The SunCrypt ransomware gang claimed to be responsible for the attack.",2020-10-03,2020-09-15
111,[113],UK,?,C,?,Education,Education,"Sixth Form College in Bolton, UK was the next reported incident in the Educationsector. Post attack the college engaged a specialist team to launch an investigation and mitigate the impact. At time of writing the forensic investigation was ongoing but it was confirmed that some data had been exfiltrated",2020-09-22,2020-09-17
112,[114],Italy,?,C,?,Retail,Retail/ Clothing/ Eyewear distribution,"Italy based Luxottica, the parent company of Ray Ban made the headlines next. The organization reported widespread service outages but claimed that no customer data had been stolen in the incident.",2020-09-23,2020-09-22
113,[115],Australia,?,C,?,Healthcare,Social services/ Age care,"Anglicare Sydney, a not-for-profit that provides social Servicessuch as aged care was next to report they had been hit by a ransomware attack that saw attackers exfiltrate 17GB of data.",2020-09-22,2020-09-21
114,[116],US,RansomExx(?),C,RansomExx (?),Technology,Technology/Software," Tyler Technologies, the largest provider of software to the United States public sector disclosed that they had become a victim of an attack that affected their internal systems",2021-06-17,2020-09-23
115,[117],France,Ragnar Locker,C,Ragnar Locker,Logistics,Transport/ Container shipping,"French carrier CMA CGM became the latest big name in container shipping to reveal it had become a victim of ransomware, The Ragnar Locker ransomware gang instructed them to make contact within two days via live chat to pay for the ransom key.",2020-09-28,2020-09-27
116,[118],US,Ryuk(?),C,Ryuk(?),Healthcare,Healthcare,"Universal Health Services, one of the largest Healthcareproviders in the United States was next to be hit by a ransomware attack. Its speculated that the Ryukgang was behind the attack and details of how widespread the issue is are still unknown.",2021-03-01,2020-09-27
117,[119],US,?,C,?,Education,Education," Clark County School District in Las Vegas. The attack which activated at the end of August triggered a data breach involving Social Security numbers, student information and Otherprivate information according to the Wall Street Journal.",2020-09-28,2020-08-27
118,[120],US,?,C,?,Finance,Finance/ Insurance,International insurance brokerage firm Arthur J. Gallagher & Co. The company confirmed that the attack had occurred on September 26th and that the incident impacted a “limited portion” of its internal systems. ,2020-09-30,2020-09-26
119,[121],Russia,OldGremlin,C,OldGremlin,Finance,Finance/Banks,"On September 23, 2020, Group-IB reported that a cybercrime gang dubbed 'OldGremlin' had been targeting banks and Otherbusinesses in Russia with ransomware since early March, 2020.",2020-09-23,2020-09-23
120,[122],US,?,C,?,Healthcare,Health,"eResearchTechnology(ERT) where a ransomware attack disrupted clinical trials being run to develop tests, treatments, and a vaccine for COVID-19.",2021-04-21,2020-10-05
121,[123],UK,?,C,?,Finance,Finance/ Insurance brokers ,"Ardonagh Group. According to reports from The Register, the firm was forced to suspend 200 internal accounts with admin privileges as the incident progressed through its IT estate.",2020-10-07,2020-10-30
122,[124],US,Conti(?),C,Conti(?),Logistics,Logistics/ Freight,"Texas based customs broker and freight forwarder Daniel B. Hastings. The company, who specialize in U.S.-Mexico cross-border shipments didn’t comment on the attack, but the exfiltrated company files were posted online from the Contiransomware gang.",2020-10-07,2020-10-03
123,[125],US,?,C,?,Government,Government,"Hall County Governmentin Georgia was the next victim. While officials didn’t release details of how the attack happened or what was being done to resolve it, It’s thought that no employee or resident data had been compromised.",2020-10-13,2020-09-07
124,[126],US,?,C,?,Education,Edcuation,"With over 25,000 students, 4500 employees and 60 schools, the Springfield Public Schools district is the third largest school district in Massachusetts. Once the attack was identified the district shut down all systems and closed the schools to prevent spread of the attack.",2020-10-08,2020-10-07
125,[127],US,Clop,C,Clop,Technology,Technology,"Software AG, one of the largest software companies in the world suffered an attack from the Clop ransomware gang who demanded more than $20 million. After negotiations failed the Clop gang published screenshots of the company’s data on the Dark Web.",2020-10-09,2020-10-03
126,[128],US,Conti,C,Conti,Logistics,Logistics,UStrucking company Daseke became a victim of the Contiransomware gang next. Thousands of internal documents exposing the personal information of their drivers and Othersensitive data was posted to the Dark Web.,2020-10-09,2020-10-07
127,[129],Australia,?,C,?,Services,Services,Australian based facilities Servicesprovider Spotless Group was the next company to hit the headlines when a number of their servers were compromised in a ransomware attack. ,2020-10-12,2020-10-09
128,[130],US,?,C,?,Education,Education,"Yazoo County School District in Mississippi. Following the attack, the school took its IT systems offline and engaged a cybersecurity firm to help recover data encrypted by threat actors. The school board voted to pay $300,000 to recover the data that was encrypted by malware.",2020-10-19,2020-10-12
129,[131],Germany,Egregor,C/RaaS,Egregor,Technology,Technology/ Video Games,"German based game developer Crytek suffered an attack at the hands of the Egregorransomware gang. In addition to encrypting the devices, the gang claims they have stolen unencrypted files from Crytek and have leaked a 380MB archive on their data leak site.",2020-10-15,2020-10-13
130,[132],US,?,C,?,Education,Education,"New York based Yorktown and Croton-Harmon schools both reported cybersecurity attacks. Croton-Harmon confirmed the incident was a ransomware attack, however Yorktown did not confirm the attack was indeed ransomware.",2020-10-15,2020-10-14
131,[133],US,Maze,C,Maze,Education,Education,"Toledo Public Schools (TPS) was next report an incident. The district confirmed that a cyberattack had occurred in September but they were unaware that data had been compromised. It has since been confirmed that Maze ransomware was responsible for the attack and more than nine gigabytes of data were dumped which included social security numbers, addresses and more for employees as well as current and former students.",2020-10-16,2020-09-09
132,[134],India,?,C,?,Manufacturing,Manufacturing,"Indiabased snacks manufacturer Haldiram’s experienced a ransomware attack on its servers. Hackers left a message on all affected Servicesconfirming it was a ransomware attack and that all data, files, applications and systems had been encrypted and a ransom would have to be paid to release the data.",2020-10-17,2020-07-17
133,[135],Australia,?,C,?,Logistics,Logistics,Australiabased container Logisticsplatform Containerchain. According to the firm they quickly identified the ransomware cyberattack and immediately implemented an emergency response procedure resulting in limited data loss and downtime.,2020-10-19,2020-10-16
134,[136],US,?,C,?,Government,Government,The City of Shafter in California announced that its IT system has been compromised by ransomware. In an Instagram post they revealed that the city’s IT system appeared to be frozen and locked.,2020-10-20,2020-10-19
135,[137],US,?,C,?,Healthcare,Healthcare,Dickinson County Healthcaresystem were the victim of an attack that distrupted access to computer systems across its hospitals and clinics. ,2020-10-20,2020-10-17
136,[138],Canada,RansomEXX(?),C,RansomEXX (?),Transport,Transport,Next came Montreal public Transportagency The Société de Transportde Montréal (STM). Hackers demanded a ransom of US$2.8m to restore normal network operations but according to the agency no data was exfiltrated and they were not intending to pay the ransom.,2020-10-21,2020-10-19
137,[139],Trinidad and Tobago,ReEvil,C,ReEvil/Sodinokibi,Manufacturing,Manufacturing,"The Caribbean’s largest conglomerate, Ansa McAl became the victim of REvil ransomware. It’s understood that work at Tatil, the country’s biggest insurer was stalled for two weeks as the IT department works to find and expel the ransomware from the company’s servers.",2020-10-21,2020-10-19
138,[140],US,?,C,?,Logistics,Logistics,On the same day hackers attacked Boston commuter operator Keolis Commuter Services. The company’s threat detection systems alerted the operator who managed to deactivate its network within a few hours.,2020-10-21,2020-10-10
139,[141],France,Maze(?),C,Maze(?),Technology,Technology,French-headquartered IT outsourcer Sopra Steria was next to be struck by a cyberattack. At time of reporting the business declined to say what had happened but French media reports indicated that Sopra Steria’s Active Directory infrastructure had been compromised by hackers linked to the Ryukmalware gang,2020-10-21,2020-10-20
140,[142],Finland,?,C,?,Healthcare,Health,"Hackers hijacked and published the mental health records of hundreds of patients from Finland based psychotherapy center Vastaamo. Hackers demanded 450,000 Euros in exchange for ceasing publication of the data which included that of minors",2020-10-23,2020-10-23
141,[143],India,LockBit,C/RaaS,?,Education,Education,Indian news agency Press Trust of India(PTI) was hit by a massive ransomware attack which shut its servers down for hours. The attack disrupted operations and the delivery of news to subscribers but no ransom was paid.,2020-10-26,2020-10-23
142,[144],US,WastedLocker,C,Evil Corp (?),Services,Services,Michigan based golf and ski resort operator Boyne Resorts was hit by a WastedLocker attack that forced the company to shut down parts of its network. As a result of the attack customers were unable to make online reservations when the booking system was knocked offline.,2020-10-26,2020-10-23
143,[145],US,Ryuk(?),C,Ryuk(?),Services,Services/Manufacturing,"Steelcase Furniture, anOtherMichigan based company was next to be hit. Steelcase is the largest office furniture manufacturer globally, with 13,000 employees and $3.7 billion in revenues. The Ryukgang is thought to be behind the attack which forced the shutdown of their network.",2020-10-27,2020-10-22
144,[146],US,Ryuk,C,Ryuk,Healthcare,Health,"Sky Lakes Medical Center in Klamath Falls Oregon was victimized by the Ryukransomware gang. The attack took computer systems offline and forced clinicians to switch to pen and paper to record patient information. No evidence has been found to indicate patient information was compromised, although the Ryukgang is known to exfiltrate patient data prior to file encryption.",2020-10-27,2020-10-27
145,[147],Italy,Netwalker,C,Netwalker,Utilities,Utilities/ Energy,Multinational energy company Enel Group were hit by ransomware for the second time this year. The Netwalker gang demanded a $14 million ransom for the decryption key and to not release several terabytes of stolen data. ,2020-10-27,2020-10-19
146,[148],US,?,C,?,Healthcare,Health,"Lawrence Health System in New York were forced to divert ambulances at three area hospitals after a ransomware attack. The three hospitals hit included Canton-Potsdam Hospital, Gouverneur Hospital and Massena Hospital.",2020-10-27,2020-10-27
147,[149],Australia,?,C,?,Technology,Technology,Next we head to Australiawhere media monitoring company Insentia became the next victim. Most Governmentdepartments and large corporations in the country are clients of the firm.,2020-10-27,2020-10-27
148,[150],Germany,Sodinokibi,C,Sodinokibi,Government,Government,The networks of the Hanover Chamber of Crafts experienced ransomware attacks at all four of its locations as well as the wholly owned subsidiary Projekt- und Servicegesellschaft. The Sodinokibi ransomware gang was responsible for the attack.,2020-10-28,2020-10-26
149,[151],India,?,C,?,Healthcare,Healthcare,Indian company Dr Reddy’s Laboratories admitted to a ransomware attack following a cyberattack earlier this month. They don’t believe the attack is connected with the Russian Covid-19 vaccine Sputnik V. that Dr Reddy’s plans to distribute in India.,2020-10-29,2020-10-22
150,[152],Canada,Ryuk,C,Ryuk,Healthcare,Healthcare,University of Vermont Health Network as the next victum of Ryuk. An anonymoUSsource who spoke to the press stated that as many as 20 medical facilities have been hit by the recent wave of ransomware. The figure includes multiple facilities within the same hospital chain.,2020-12-23,2020-10-28
151,[153],US,ReEvil,C,Revil,Other,Consumer discretionay,"international casino equipment supplier Gaming Partners International became a victim of the REvil gang. According to a recent interview with a Russian tech blog, REvil hacked and encrypted all servers and working computers at the company.",2020-10-31,2020-10-30
152,[154],US,?,C,?,Healthcare,Health,Sonoma Valley Hospital confirmed that its system-wide computer shutdown in October was due to a ransomware attack. Hackers demanded a ransom to release data but at time of writing the hospital had not paid the ransom. The attack was likely part of the Russia backed campaign that recently targeted as may has 400 Healthcareorganizations across the US.,2020-12-15,2020-10-11
153,[155],Japan,Ragnar Locker,C,Ragnar Locker,Technology,Technology,"Japanese game developer Capcom fell victim to an attack at the hands of the Ragnar Locker gang who claimed to have stolen 1TB of sensitive data from their corporate networks in the US, Japan, and Canada. The ransom note included screenshots of stolen files, including employee termination agreements, passports, sales reports and bank statements.",2020-11-05,2020-11-02
154,[156],Italy,Ragnar Locker(?),C,Ragnar Locker (?),Other,Beverage,Italian beverage giant Campari Group was the next big-name brand to suffer an attack. An investigation into the attack is ongoing and some researchers suspect the Ragnar Locker gang is responsible.,2020-11-10,2020-11-01
155,[157],Brazil,RansomExx(?),C,RansomExx (?),Government,Government/ Law,Massive ransomware attack that affected the cyberinfrastructure of the Brazilian Superior Court of Justice (STJ). The ransomware operators behind the attack claimed that the entire STJ database has been encrypted and any attempt to restore the files would be in vain.,2020-11-06,2020-11-03
156,[158],US,?,C,?,Government,Government,"The GEO Group, the company best known for operating illegal immigration detention centres and private prisons in the USwere next to disclose that they had been victim of an attack earlier in the year. The attack exposed sensitive inmate and resident information.",2020-11-06,2020-08-19
157,[159],Taiwan,DopplePaymer,C,DopplePaymer,Technology,Technology,"Taiwanese electronics giant Compal, was next to make the ransomware headlines. The company who builds laptops for some of the world’s largest computer brands suffered an attack at the hands of the DoppelPaymer gang. The attack is said to have impacted around 30% of Compal’s computer fleet.",2020-11-09,2020-11-06
158,[160],UK,Sodinokibi,C,Sodinokibi,Services,Services/House Provider,UK based housing association Flagship Group were forced to take their IT systems offline after the Sodinokibi ransomware strain entered the company via a phishing attack. ,2020-11-24,2020-11-01
159,[161],US,?,C,?,Healthcare,Health/ Medical billing,Iowa based medical billing company Timberline Billing Service LLC is boosting its cybersecurity after an unknown attack encrypted files and exfiltrated data earlier in the year.,2020-11-11,2020-11-10
160,[162],Germany,Mount Locker,C,Ragnar Locker (?),Healthcare,Health/ Biomedical,"Biomedical and clinical research company Miltenyi Biotec suffered a Mount Locker attack that affected the firm’s global IT infrastructure. The company’s 2,500 employees from 28 countries are working to develop cell research and therapy products for clinicians and researchers working on covid-19 vaccines.",2020-11-13,2020-11-01
161,[163],US,?,C,?,Healthcare,Health,"AnOthercompany hit with a cyber attack is Americold, which is a cold storage giant responsible for providing storage for the distribution of COVID-19 vaccines.",2020-11-16,2020-11-16
162,[164],Chile,Egergor,C,Egregor,Retail,Retail,Chilean-based multinational Retailgiant Cencosud was hit by an EgregorRansomware attack that impacted Servicesacross its stores,2020-11-14,2020-11-13
163,[165],Canada,?,C,?,Government,Government,The City of Saint John in Canada was next to confirm that a recent cyberattack against them was indeed ransomware. Officials have declined to say how much money was demanded by the attackers or what systems had been affected.,2020-11-17,2020-10-13
164,[166],US,?,C,?,Services,Services,Lehigh Valley Library in Pennsylvania was forced to close after falling victim to an attack. Affected servers were taken offline and the library remained closed while the attack was investigated and systems were restored.,2020-11-17,2020-11-16
165,[167],Australia,ReEvil,C,ReEvil,Finance,Accountancy/Consultancy,"Nexia Australiaand New Zealand, a network of solutions-focused accountancy and consultancy firms were next to disclose that they had been hit by REvil ransomware. The attackers claimed to have stolen 76GB of data during the incident, however, Nexia denied this and said that the incident was swiftly dealt with by their IT providers and there was no evidence of any movement of data or files.",2020-11-16,2020-11-03
166,[168],US,?,C,?,Government,Government,"Governmentattack is next, this time its Jackson County in Oregon. The attack downed the county’s website following the recent ransomware attack on their web-hosting service provider, Managed.com",2020-11-19,2020-11-16
167,[169],South Korea ,?,C,?,Retail,Retail,South Korean fashion and Retailcompany E-Land was forced to shut down 23 of its 50 branches following a ransomware attack,2020-11-22,2020-11-22
168,[170],UK,?,C,?,Other,Sports,"Manchester United Football Club made serioUSheadlines this month when it was revealed that they had suffered a cyberattack. Later confirmed to be ransomware, the club disclosed that although the attack was sophisticated, they had extensive protocols and procedures in place for such an event and they were prepared",2020-11-26,2020-11-20
169,[171],Australia,Netwalker,C,Netwalker,Services,Services," Law In Order, an Australian supplier of document and digital Servicesto law firms. The company were victims of the Netwalker ransomware gang.",2020-12-03,2020-11-22
170,[172],Denmark,?,C,?,Education,Education/Services,"Ritzau, the largest independent news agency in Denmark responsible for delivering news to virtually all major media in in the country, had their editorial systems shut down following a ransomware attack. In a statement they confirmed that they did not intend to pay the ransom.",2020-11-25,2020-11-24
171,[173],US,?,C,?,Healthcare,Health,"USFertility, a network of fertility clinics was hit by a ransomware attack that compromised patient information. A security incident had been identified in September after some devices on the network became inaccessible.",2020-11-27,2020-09-14
172,[174],US,Conti,C,Conti,Technology,Technology,"Advantech, the industrial automation and IoT chip maker confirmed that a ransomware attack that hit its network and that company data had been exfiltrated. The attack was carried out by the Contiransomware gang who demanded a $14 million ransom to decrypt the affected systems and to stop leaking stolen company data.",2020-11-30,2020-11-21
173,[175],US,DopplePaymer,C,DopplePaymer,Government,Government,Delaware County in Pennsylvania were the next reported victim of the DoppelPaymer gang. Systems were taken offline while the organization worked with computer forensic specialists to determine the nature and scope of the event.,2020-11-29,2020-11-20
174,[176],US,?,C,?,Education,Education,"Baltimore Public Schools was forced to cancel online learning for its 115,000 students after a ransomware affected its systems",2020-11-29,2020-11-16
175,[177],Netherlands,?,C,?,Other,Television Production,"Endemol Shine, the global production company behind television shows such as “Big Brother,” “MasterChef” and “The Voice”. The company has disclosed that they have reason to believe personal employee data and commercially sensitive information may have been compromised.The attack is claimed by DopplePaymer",2020-11-29,2020-11-26
176,[2],US,Ryuk,C,Ryuk,Education,Education,RyukRansomware attack on K-12 schools to avoid data leak,2020-12-02,2020-11-15
177,[178],Canada,Egregor,C,Egregor,Transport,Transport,Vancouver’s transportation network Translink were next to disclose they had been a victim of ransomware at the hands of the Egregorgang,2020-12-03,2020-12-03
178,[179],US,Egregor,C,Egregor,Retail,Retail,"Next is anOtherEgregorattack, this time on USretailer Kmart. The attack resulted in a number of servers on its network becoming encrypted. A ransom note showed that an HR website used by the store had also been brought offline by the hackers",2020-12-03,2020-12-01
179,[180],Brazil,RansomExx,C,RansomExx,Manufacturing,Manufacturing,Brazilian aerospace giant Embraer reported that they had been a victim of ransomware. The company chose to restore its affected systems and refused to negotiate with the attackers which promoted the RansomExx gang to leak some company data.,2020-12-07,2020-11-25
180,[181],UK,Egregor,C,Egregor,Other,HR Services,"Randstad, the world’s largest staffing agency was the next reported victim of the Egregorgang. Unencrypted files were stolen during the attack and a subset of the data was later published.",2020-12-04,2020-12-04
181,[182],Switzerland,LockBit,C,LockBit,Manufacturing,Manufacturing,Swiss helicopter manufacturer Kopter fell victim to the LockBit gang who encrypted the company’s files and published a subset of them after they refused to engage,2020-12-05,2020-12-04
182,[183],US,?,C,?,Healthcare,Health,Greater Baltimore Medical Center (GBMC HealthCare) was hit by a ransomware attack that impacted its computer systems and operations,2020-12-18,2020-12-08
183,[184],Mexico,DopplePaymer,C,DopplePaymer,Technology,Technology,Electronics giant Foxconn suffered a ransomware attack at a Mexican facility during the Thanksgiving break. Following the attack the DoppelPaymer ransomware gang published files belonging to Foxconn NA on their ransomware data leak site.,2020-12-07,2020-11-28
184,[185],UK,Sodinokibi,C,Sodinokibi,Education,Education,"Haberdashers’ Monmouth Schools , an independent schools group in Wales was hit by the Sodinokibi ransomware gang. The hackers deleted files belonging to staff and pupils and encrypted onsite backups.",2020-12-09,2020-09-27
185,[186],US,?,C,?,Government,Government,The town of Independence Missouri revealed that they had been a victim of a ransomware attack that resulted in technical difficulties and disruption to multiple Servicesbut it had been halted before the full city network had been infected,2020-12-09,2020-12-05
186,[187],US,Conti,C,Conti,Services,Service,the Contigang claimed responsibility for the attack on Georgia based payment processing company TSYS. The attackers claimed to have published over 10 gigabytes of TSYS data but the company said the attack only impacted it’s administrative wing and not any payment data. TSYS did not confirm if any ransom had been paid.,2020-12-10,2020-12-08
187,[188],US,Pay2Key,C,Pay2Key,Technology,Technology,Intel-owned AI processor developer Habana Labs suffered an attack at the hands of the Pay2Key ransomware operation. The hackers leaked company data and in a threat posted to their leaked data site they stated that Habana Labs had 72hrs to stop the data leaking process.,2020-12-13,2020-12-13
188,[189],Australia,RansomExx,C,RansomExx,Manufacturing,Manufacturing/ Automotive services,Australian automotive Servicesprovider Inchcape became the next victim of RansomEXX. The gang leaked data on the Dark Web following the attack.,2020-12-14,2020-12-14
189,[190],Norway,?,C,?,Transport,Transport,Norwegian cruise company Hurtigruten disclosed that its systems had been hit by a significant ransomware attack in which the cruise lines global IT infrastructure had been affected. At time of writing it’s not known who was behind the attack,2020-12-15,2020-12-14
190,[191],Germany,Clop,C,Clop ,Other,Chemicals,Germanybased flavor and fragrance developer Symrise were forced to halt production following an attack claimed by the Clop ransomware gang. The attackers allegedly stole 500 GB of unencrypted files and encrypted close to 1000 devices. ,2020-12-20,2020-12-19
191,[192],US,Hades,C,Hades,Logistics,Logistics,Trucking and Logisticsfirm Forward Air revealed they had been targeted by a ransomware attack and warned that it may defer or lose revenue as a result. This attack is the first we have recorded for the Hades ransomware group. ,2020-12-21,2020-12-15
192,[193],Canada,Conti,C,Conti,Technology,Technology,Canadian voice over IP hardware and software maker Sangoma Technologies were struck by a ransomware attack involving the Contigang. ,2020-12-27,2020-12-24
193,[194],US,Nefilim,C,Nefilim,Retail,Retail,Home appliance giant Whirlpool suffered a ransomware attack by the Nefilim gang who stole data before encrypting their devices.  ,2020-12-28,2020-12-27
194,[195],Belgium,Clop,C,Clop,Healthcare,Health ,"General Medical Laboratory (AML) in Antwerp, a laboratory working closely on the management of the Covid-19 pandemic suffered an attack by the Clop ransomware gang",2020-12-29,2020-12-28
195,[196],US,?,C,?,Healthcare,Health,Arizona-based Healthcareorganization GenRx Pharmacy issued a warning to patients over a potential data breach following a ransomware attack earlier in the year. ,2020-12-18,2020-09-08
196,[197],New Zealand,Netwalker,C,Netwalker,Finance,Finance,New Zealand based financial Servicesfirm Staircase Financial Management were the next company to be hit.  A post on the NetWalker blog had a countdown clock indicating how much time was left before the data was made public. That clock has since run out and the data was made public across multiple third party file sharing sites.,2020-12-30,2020-12-29
197,[198],Canada,Netwalker,C,Netwalker,Finance,Financials,The court-appointed receiver of Canadian company Nygard’s assets confirmed that Nygard was a victim of a ransomware attack in a Dec 30th court document. IT staff identified the ransomware responsible as Netwalker. The initial ransom demand was approximately 99 bitcoins — equivalent to more than $3.6 million but this rose to 198 bitcoins — equivalent to more than $7.2 million when the company failed to respond.,2020-12-30,2020-12-14
198,[199],US,?,C,?,Healthcare,Health,Lake Region Healthcarewere affected by a ransomware attack.  In a statement released on Dec 30,2020-12-30,2020-12-22
199,[200],Israel,BlackShadow ,C,BlackShadow,Finance,Financal Services,"Shirbit, an Israeli-based insurance company, was hit by a ransomware attack that appears to be the work of the hacker group BlackShadow.",2020-12-07,2020-12-01
200,[201],UK,?,C,Ragnar Locker,Manufacturing,Infrastructure,UK-based infrastructure support service provider Amey. The company was targeted by the Mount Locker ransomware gang in mid-December.,2021-01-05,2020-12-15
201,[203],Australia,?,C,C,Government,Government,The Northern Territory Governmentin Australiawas next to reveal an attack that forced its systems offline for 3 weeks,2021-01-01,2021-01-10
202,[204],US,Conti,C,Conti,Logistics,Logistics,"Colorado-based rail operator and Logisticsprovider OmniTRAX was hit by a ransomware attack that targeted its corporate parent company, Broe Group. ",2021-01-09,2021-01-08
203,[205],Norway,?,C,?,Technology,Technology,"Norway based AKVA Group, a global supplier of Technologyto the aquaculture industry revealed that they had been hit by a ransomware attack and that hackers were demanding a ransom.",2021-01-12,2021-01-10
204,[206],US,Ragnar Locker,C,Ragnar Locker,Manufacturing,Manufacturing,"Dassault Falcon Jet Corp, the USsubsidiary of Dassault Aviation, suffered a ransomware attack at the hands of the Ragnar Locker gang.",2020-12-30,2020-12-06
205,[207],UK,?,C,?,Services,Services,"Wentworth Golf and Country Club, one of the most exclusive clubs in England was forced to send an email of apology to its 4000 members who include, high profile celebrities, sports stars, and top business people, after its members’ list was accessed by cybercriminals",2021-01-16,2021-01-04
206,[208],France,?,C,?,Government,Government,City of Angers in Franceindicated on its social networks that the city had suffered a ransomware cyberattack over the weekend of January 15th. The attack targeted the information system of the city and the metropolis which caused the closure of certain municipal services.,2021-01-18,2021-01-15
207,[209],UK,Conti,C,Conti,Government,Government,"The Contiransomware group claimed an attack on the Scottish Environment Protection Agency (SEPA) which saw around 1.2GB of data stolen from its digital systems including databases, contracts, and strategy documents. The hackers published over 4000 files after the organization refused to pay the ransom.",2021-10-27,2020-12-24
208,[210],Belgium,?,C,?,Healthcare,Healthcare,"Center Hospitalier de Wallonie Picarde (CHwapi) in Tournai, Belgiumbecame the first Healthcarereported attack of the year. The hospital was forced to redirect incoming patients to Otherfacilities after the attack crippled its systems. According to the investigators no ransom demands were made by the hackers which could indicate that the hospital was targeted by mistake.",2021-01-23,2021-01-17
209,[211],Austria,?,C,?,Technology,Technology/Enginerring,"Palfinger, an Austria-based Hydraulics Engineering company experienced a global cyberattack that took down their e-mail system and disrupted business operations",2021-01-25,2021-01-25
210,[212],US,?,C,?,Education,Education,Tennessee Wesleyan University (TWU) revealed in a press release that all of the university’s networks were closed after staff and campUSofficials became aware of a ransomware attack.,2021-01-25,2021-01-22
211,[213],Hong Kong,ReEvil,C,ReEvil,Retail,Retail,Pan-Asian Retailgiant Dairy Farm were hit by a REvil ransomware attack with the attackers allegedly demanding a $30 million ransom,2021-01-26,2021-01-14
212,[214],UK,?,C,?,Technology,Technologyand Research,UK Research and Innovation (UKRI) disclosed that a ransomware attack had disrupted Servicesand may have led to data theft,2021-02-17,2021-02-15
213,[215],US,Egregor,C,Egregor,Services,Services,"Illinois based DSC Logistics, a third-party Logisticsprovider and supply chain management company disclosed they had been victims of a cyberattack after a ransomware gang threatened to expose their exfiltrated data on a leak site. Egregoris suspected to be behind the attack.",2021-01-29,2021-01-27
214,[216],US,?,C,?,Healthcare,Healthcare,Georgia based Crisp Regional Health Servicesdiscovered they had been a victim of ransomware when nurses working at the facility started seeing ‘files encrypted’ on some of its computer systems.,2021-01-27,2021-01-29
215,[217],UK,Babuk(?),C,Babuk (?),Healthcare,Healthcare,"The last reported attack of the month involved Serco, a global Governmentoutsourcer responsible for running part of the UK’s COVID-19 Test and Trace system. The British business which employs 50,000 people confirmed the attack and disclosed that only its mainland European operations had been impacted. ",2021-01-31,2021-01-29
216,[218],Brazil,DarkSide,C,DarkSide,Utilities,Utilities,Brazilian state-owned energy company Companhia Paranaense de Energia (Copel). The attack was the work of the Darkside gang who claimed to have stolen more than 1000 GB of sensitive data.,2021-02-05,2021-02-03
217,[219],US,?,L,?,Education,Education,"An attack on the Victor Central School District in New York encrypted its systems and data, locking out users and forcing the closure of all district schools.",2021-02-01,2021-01-31
218,[220],US,Cuba,C,Cuba,Services,Services,"Automatic Funds Transfer Services(AFTS), a Seattle based payment processor used by many cities Governmentagencies across the USsuffered an attack from a gang known as Cuba. The attack caused significant disruption to their business operations and affected customers such as California’s Department of Motor Vehicles who recently warned of a potential data breach following the attack.",2021-02-18,2021-02-03
219,[221],Brazil,?,C,?,Utilities,Utilities,Eletrobras the largest power utility company in Latin America was the second major utility company in Brazilto suffer an attack in early February.,2021-01-05,2021-01-03
220,[222],Canada,Conti,C,Conti,Other,Property,British Columbia-based real estate agency Remax Kelowna was hit with an attack by the Contiransomware gang who listed them as a victim on their leaks website.,2021-02-10,2021-02-04
221,[223],Israel,Ragnar Locker,C,Ragnar Locker,Technology,Technology,"Ness Digital Engineering Company, an Israeli-based U.S. IT provider was hit by Ragnar Locker ransomware affecting its computer networks in India, the U.S. and Israel.",2021-02-10,2021-02-09
222,[224],Poland,HelloKitty,C,HelloKitty,Technology,Technology/Game Company,"Polish video game company CD Projekt was hit by the HelloKitty ransomware gang. The company disclosed that the attackers had managed to access the network, encrypt some devices and exfiltrate some data",2021-02-09,2021-02-09
223,[225],France,RansomExx,C,RansomExx,Healthcare,Healthcare,French health insurance company Mutuelle Nationale des Hospitaliers (MNH) suffered a ransomware attack that had significant impact on the company’s operations,2021-02-10,2021-02-05
224,[226],France,Egregor,C,Egregor,Healthcare,Healthcare,Dax-Côte d’Argent Hospital Center in Francewas the next reported incident. The attack by the Egregorgang caused major disruptions across their network and forced the hospital to only accept major emergencies.,2021-02-10,2021-02-08
225,[227],US,?,C,?,Education,Education,The second Educationincident of the month goes to Central Piedmont Community College in North Carolina.,2021-02-12,2021-02-10
226,[228],Canada,DarkSide,C,Darkside,Services,Services,"Discount Car and Truck Rental, part of the Enterprise group and one of Canada’s biggest rental agencies, was hit by the Darkside ransomware gang",2021-02-14,2021-02-13
227,[229],UK,Clop,C,Clop,Services,Services,International law firm Jones Day were the victims of a ransomware attack carried out by the Clop gang.,2021-02-18,2021-02-01
228,[230],US,DopplePaymer,C,DopplePaymer,Manufacturing,Manufacturing,Kia denies attack from DopplePaymer despte data being released from its parent company Hyundai. They demanded a $20 million ransom,2021-02-17,2021-02-13
229,[231],US,DopplePaymer,C,DopplePaymer,Government,Government,Yuba County in California was the victim of a ransomware cyberattack which infected some of the county’s computer systems with malware,2021-07-07,2021-02-19
230,[232],US,?,C,?,Technology,Technology,"Underwriters Laboratories, the world’s leading safety testing authority suffered IT outages after a ransomware attack. In a statement they confirmed that a breach had been detected and that a cybersecurity firm had been brought in to assist with the investigation.",2021-02-19,2021-02-13
231,[233],Norway,?,C,?,Other,"Testing, Inspection and Certification","TietoEVRY, a major Finnish IT provider were the victim of an attack which caused issues across the Servicesthey deliver to customers in the retail, manufacturing, and service-related industries.",2021-02-23,2021-02-22
232,[234],Netherlands,DopplePaymer,C,DopplePaymer,Education,Education/Reasearch,The Netherlands Organisation for Scientific Research,2021-02-08,2021-02-08
233,[235],Ecuador,Ronggolawe,C,HotarUSGroup,Finance,Finance,Ecuador's Ministry of Financewas hacked by the HotarUSGroup. The Group has said that they have over 6500 records in a file that was from the Ministry of Finance.,2021-02-27,2021-02-04
234,[236],Ecuador,Ronggolawe,C,HotarUSGroup,Finance,Finance,Ecuador's largest private bank was the victim of the HotarUSGroup. The bank has said that a marketing partner had been hacked to send Phising emails. This is however disputed by an interview with Bleeping Computer where the hacking group say they stole customer records and senstive records.,2021-02-26,2021-02-04
235,[237],Netherlands,?,C,?,Education,Education,Starting College in the Netherlands was hit by an attack that targeted the files of employees. The college decided to pay out to avoid delays with exam season.,2021-02-27,2021-02-16
236,[238],US,DarkSide,C,Darkside,Technology,Technology,"We start the month with payroll giant Prism HR. The business Servicescompany which counts over 80,000 organizations as customers and has over 2 million employees was reportedly attacked by the Darkside ransomware gang. ",2021-03-02,2021-02-28
237,[239],US,?,C,?,Technology,Technology,Up next is Arizona based clinic Cochise Eye and Laser who were infected with ransomware which encrypted its scheduling and billing software.,2021-01-14,2021-01-13
238,[240],US,?,C,?,Healthcare,Healthcare,"Healthcareprovider Allergy Partners suffered an attack lasting eight days with hackers demanding a ransom of 1.75 million, according to a report filed with the Asheville Police Department.",2021-03-05,2021-02-28
239,[241],US,Clop,C,Clop,Finance,Finance,USbank and mortgage lender Flagstar disclosed a data breach following the Accellion cyberattack at the hands of the Clop ransomware gang earlier in the year.,2021-03-08,2021-03-05
240,[242],US,ReEvil,C,Revil,Services,Services,"Oklahoma based Managed Service Provider (MSP) Standley Systems were attacked by the REvil gang who claimed to have obtained sensitive data including more than 1,000 social security numbers.",2021-03-05,2021-03-05
241,[243],Spain,Ryuk,C,Ryuk,Government,Government,"The systems of SEPE, the Spanish Governmentagency for labour were disrupted when a ransomware attack affected more than 700 agency offices across Spain. The agency confirmed that confidential data was safe and the Ryukransomware gang were behind the attack.",2021-03-12,2021-03-10
242,[244],US,Clop,C,Clop ,Other,Security ,"The Clop ransomware gang claimed to have stolen data from cloud security company Qualys.   The gang shared screenshots of stolen files including invoices, tax documents and purchase orders on its data leak site as proof of the hack",2021-04-02,2021-03-03
243,[245],France,?,C,?,Healthcare,Healthcare,French health insurance company Mutuelle Nationale des Hospitaliers (MNH) suffered a ransomware attack that had significant impact on the company’s operations,2021-03-09,2021-03-08
244,[246],US,?,C,?,Other,Beverages,"Beer maker Molson Coors disclosed that they suffered a cyberattack which caused significant disruption to their operations, including the production and shipment of beer. ",2021-03-11,2021-03-11
245,[247],US,?,C,?,Education,Education,Buffalo Public Schools was forced to abandon in classroom learning for thousands of students when a ransomware attack shut down Technologyacross the district. ,2021-03-15,2021-03-14
246,[248],UK,?,C,?,Education,Education,"The next attack on Educationtook place at South and City College in Birmingham, UK. The college which has 8 sites across the city tweeted: “The college has suffered a major ransomware attack on our IT system, which has disabled many of our core systems.” It’s not yet known who was behind the attack.",2021-03-15,2021-03-14
247,[249],UK,?,C,?,Education,Education,The Castle School EducationTrust (CSET) in Bristol suffered a highly sophisticated ransomware attack which left 23 schools without access to their IT systems.,2021-03-17,2021-03-16
248,[250],Taiwan,ReEvil,C,ReEvil,Technology,Technology,The next reported attack on computer giant Acer made headlines this month as the $50 million ransom is the largest known to date. The REvil gang were behind the attack,2021-03-19,2021-03-18
249,[251],UK,?,C,?,Education,Education,Cambridge Meridian Academies Trust which runs schools in the UK was hit by an unknown gang. The trust was able to mitigate the attack to some extent and encryption occurred on only some systems.,2021-03-19,2021-03-12
250,[252],Canada,?,C,?,Technology,Technology,"Sierra Wireless, a manufacturer of IoT devices was forced to halt production after a ransomware attack.",2021-03-23,2021-03-20
251,[253],US,Phoenix CryptoLocker,C,Evil Corp ,Finance,Finance,"USbased insurance giant CNA were victim of a ransomware attack using a new variant called Phoenix CryptoLocker, possibly linked to the Evil Corp hacking group.",2021-03-25,2021-03-21
252,[254],US,?,C,Conti,Retail,Retail,Clothing retailer FatFace paid $2m to the Contigang when their data was held to ransom. The security incident occurred in January but only became public knowledge in March when the company emailed customers to let them know that their data had been accessed by “an unauthorised third party”. ,2021-03-26,2021-01-10
253,[255],UK,?,C,?,Education,Education,London-based non-profit multi-academy trust Harris Federation suffered a ransomware attack that affected 50 schools,2021-03-29,2021-03-27
254,[256],Netherlands,Clop,C,Clop,Other,Energy,Royal Dutch Shell became the next victim of the Clop ransomware gang. The gang exfiltrated sensitive data from a Accellion file transfer service used by the oil giant and later leaked the stolen data online to prompt them to pay a ransom.,2021-03-16,2021-03-16
255,[257],US,Clop,C,Clop,Education,Education,"The next attack on the Educationsector hit the University of Maryland. The Clop ransomware gang was behind the attack which saw sensitive information including photos and names of individuals, home addresses, Social Security numbers, immigration status, dates of birth, and passport number leaked online.",2021-04-06,2021-03-23
256,[258],US,Clop,C,Clop,Education,Education,The University of California was also attacked by the Clop gang which saw sensitive and personal information leaked online following the attack.,2021-04-05,2021-03-29
257,[259],India,SynAck,L,?,Technology,Technology,"The Maharashtra Industrial Development Corporation (MIDC) in Indiarevealed a ransomware attack had affected its IT systems. Maharashtra is one of the most industrialised states in Mumbai, no ransom demand was made in the ransom note. Ransomware known as SYNack was responsible for the attack.",2021-03-30,2021-03-21
258,[260],Italy,?,C,Ragnarok ,Retail,Retail,The last attack of the month takes USto Milan Italy where menswear brand Boggi Milano became victims of the Ragnarok ransomware gang. ,2021-03-31,2021-03-30
259,[261],France,ReEvil,C,ReEvil ,Manufacturing,Manufacturing,"The first reported attack of the month was on Asteelflash, a leading French electronics ManufacturingServicescompany. While the company has not formally disclosed the attack, the hackers negotiation page showed that the REvil gang had initially demanded a $12 million ransom but as the deadline passed the amount rose to $24 million.",2021-04-03,2021-04-03
260,[262],US,Conti,C,Conti,Education,Education,"Attacks on Educationcontinue to increase in frequency, and this time it was the turn of Broward County School District in Florida",2022-01-04,2020-03-07
261,[263],Canada,DarkSide,C,DarkSide,Retail,Retail,"Hardware chain Home Hardware , one of Canada’s largest dealer owned hardware retailers became a victim of the DarkSide ransomware group. ",2021-04-05,2021-04-02
262,[264],Ireland,?,C,?,Education,Education,"The National College of Irelandwas next report an attack on the same day. The attack resulted in the Dublin college suspending access to all its IT systems, including Moodle and the Library Service.",2021-04-05,2021-05-03
263,[265],US,?,C,?,Education,Education,The next attack on Educationoccurred at Haverhill Public Schools in Massachusetts. Schools were forced to close after the computer systems were hit. ,2021-04-07,2021-04-01
264,[266],UK,?,C,?,Logistics,Logistics,An attack on global wholesale distributor JBI shut down online systems causing shipping delays and backlogged orders,2021-04-07,2021-04-01
265,[267],US,?,C,?,Government,Government,The City of Lawrence in Massachusetts was hit by a major cyberattack that disabled its computer systems.,2021-04-08,2021-04-04
266,[268],France,?,C,?,Healthcare,Medical,Leading French pharmaceutical company Pierre Fabre suffered an attack at the hands of the REvil ransomware gang. The organization said they were able to bring the attack under control within 24 hours after temporarily halting production. ,2021-04-01,2021-03-31
267,[269],Canada,?,C,Clop,Government,Government,The Regional Municipality of Durham became victims of the Clop ransomware gang following an attack on a third party software provider. ,2021-04-09,2021-04-09
268,[270],UK,?,C,?,Education,Education,The University of Portsmouth was forced to close its campUSfollowing a ‘technical disruption’ to its IT network believed to be a ransomware attack.,2021-04-13,2021-04-09
269,[271],US,?,C,Babuk,Other,Sports,"Up next is the National Basketball Association (NBA). The organization suffered an attack by the hacking group known as Babuk. The criminal gang disclosed on their Dark Web page that they had exfiltrated a whopping 500 GB of the Houston Rockets’ data said to include critical non-disclosure agreements, contracts, and even financial info.",2021-04-14,2021-04-13
270,[272],Slovakia,?,C,?,Government,Government,"The National Security Authority (NBÚ) in Slovakia registered a series of significant ransomware attacks on targets including those in public administration, telecommunications, energy and IT. Reports say hackers requested hundreds of thousands of Euros to restore the systems. The reported incidents included a serioUSthird-degree cybersecurity incident under the Cyber Security Act – one with the potential to affect elements of the state’s critical infrastructure.",2021-04-16,2021-04-16
271,[273],Taiwan,ReEvil,C,ReEvil ,Technology,Technology,"The next attack was on Taiwan based Quanta Computer, a leading notebook manufacturer and one of Apple’s business partners. The company allegedly refused to communicate with the REvil ransomware gang who then proceeded to hold Apple to ransom for $50 million, threatening to release their blueprints if the ransom wasn’t paid. ",2021-04-20,2021-04-20
272,[274],Japan,?,C,Astro Team,Other,Precision instruments,"In the next attack hackers targeted Japanese firm Hoya Corp with ransomware. The glassmaker who has 37,000 employees worldwide was allegedly targeted by the Astro Team gang who claim to have stolen around 300 gigabytes of confidential company data.",2021-04-22,2021-04-21
273,[275],India,?,C,?,Finance,Finance,"Upstox, India’s second largest stockbroking firm initiated password resets for millions of traders on its platform earlier this month after learning a huge data breach might have hit it.",2021-04-11,2021-04-10
274,[276],US,?,C,?,Technology,Technology,Mining TechnologyCompany Gyrodata released a statement disclosing that they had been the victim of a ransomware attack that has possibly led to a data breach. ,2021-04-22,2021-02-21
275,[277],US,?,C,Babuk,Other,Police/Public Sector ,The Metropolitan Police Department in Washington DC confirmed that they had been the victim of a cyberattack after the Babuk ransomware gang shared screenshots of data exfiltrated during the attack. ,2021-04-26,2021-04-19
276,[278],Canada,?,C,?,Manufacturing,Manufacturingand Construction,"An attack on Canadian company Professional Excavators and Construction started with some of the company’s printers playing up, a few weeks later everything froze. ",2021-04-26,2021-04-06
277,[279],US,?,C,Astro Team,Transport,Transportation,Santa Clara Valley Transportation Authority (VTA) were the victims of an attack that paralyzed the agency’s computer systems for days. VTA officials initially said they believed they had contained the attack but the Astro ransomware gang disclosed that they had exfiltrated 150 GBs of data that they would post publicly if the authority refused to cooperate. ,2021-04-22,2021-04-18
278,[280],Australia,ReEvil,C,ReEvil,Healthcare,Healthcare,Australian Healthcareprovider UnitingCare Queensland released a statement saying that some of their digital and Technologysystems were inaccessible due a cyberattack. ,2021-04-25,2021-04-25
279,[281],UK,?,C,Lockerbit,Transport,Transport,"Merseyrail, a UK rail network that provides train service throughout Liverpool was forced to confirm that they had been the victim of a cyberattack after the Lockbit ransomware gang used their internal email system to notify employees and journalists about the incident.",2021-04-28,2021-04-18
280,[282],UK,Conti,C,Conti,Healthcare,Healthcareand Social Care,"Aspire, a Glasgow based social care agency for the homeless was hit by a double extortion attack by the Contiransomware gang. ",2021-04-30,2021-04-02
281,[283],US,DopplePaymer,C,DopplePaymer,Other,Law,The Illinois Attorney General Office disclosed they had suffered a ransomware attack after the DopplePaymer gang leaked a large collection of files after negotiations broke down and officials refused to pay the ransom demand. ,2021-04-13,2021-04-10
282,[284],Brazil,ReEvil,C,ReEvil,Other,Law,An attack on Brazil’s Rio Grande do Sul court system forced the courts to shut down their systems and encrypted employee files. ,2021-04-29,2021-04-28
283,[285],Canada,?,C,?,Other,Hospitality and Leisure,"The Resort Municipality of Whistler, the local Governmentof Canada’s highest-profile ski resort was hit by a ransomware attack that forced them to shut down their network, website, email, and phone systems.",2021-04-29,2021-04-28
284,[286],US,?,C,Avaddon,Other,Law,The Presque Isle Police Department in Maine was hit with an attack by the Avaddon ransomware gang.,2021-04-29,2021-04-18
285,[287],Switzerland,?,C,?,Technology,Technology,Cloud hosting provider Swiss Cloud hit by ransomware attack,2021-05-17,2021-04-27
286,[288],US,?,C,?,Healthcare,Healthcare,Healthcaregiant Scripps was next to report an attack. The San Diego based non-profit Healthcareprovider was forced to suspend user access to its online portal and switch to alternative methods for patient care operations while some critical care patients were redirected to Otherfacilities following the attack.,2021-05-03,2021-05-01
287,[289],Norway,Ryuk,C,Ryuk,Technology,Technology,"Volue Technology, a Norwegian based leading supplier of Technologywas a victim of Ryukransomware.",2021-12-18,2021-05-05
288,[290][291],US,DarkSide,C,Darkside,Other,Energy,"The most high-profile attack of the month goes to Colonial Pipeline, the largest fuel pipeline in the US. An attack from the DarkSide ransomware gang caused havoc throughout several states in the USas the outages caused a shortage of gas. ",2021-06-02,2021-05-07
289,[292],US,?,C,?,Government,Government,The City of Tulsa in Oklahoma were forced to shut down their systems and online Servicesfollowing a ransomware attack.,2021-05-10,2021-05-08
290,[293],Japan,?,C,Babuk,Manufacturing,Manufacturing,"Yamabiko, a Tokyo based manufacturer of power tools and agricultural and industrial machinery was targeted by the Babuk ransomware gang",2021-05-10,2021-05-09
291,[294],Germany,DarkSide,C,Darkside,Other,Chemicals,Germanyheadquartered chemical distribution company Brenntag paid a $4.4 million ransom in Bitcoin to the DarkSide ransomware gang in order to receive a decryptor for their encrypted files and to prevent the threat actors from publicly leaking the exfiltrated data.,2021-05-13,2021-05-06
292,[295],Ireland,Conti,C,Conti,Healthcare,Healthcare,The Health Service Executive in Irelandannounced on Twitter that they had experienced a ‘significant’ ransomware attack which forced the shutdown of their systems as precaution. All outpatient appointments were cancelled and the Contigang claimed responsabillity,2021-05-14,2021-05-13
293,[296],France,?,C,Avaddon,Finance,Finance,After insurance giant AXA announced that they would be dropping reimbursement for ransomware extortion payments for cyber-insurance policies in France,2021-05-16,2021-05-15
294,[297],New Zealand,?,C,?,Healthcare,Healthcare,Waikato District Health Board in New Zealand suffered a ransomware attack which is thought to have started via a malicioUSemail attachment. ,2021-05-19,2021-05-18
295,[298],US,?,C,?,Manufacturing,Construction,Texas based homebuilders Betenbough scrambled to try and protect their clients after Russian hackers leaked personal information following an attack which saw the criminal gang hold the developers data to ransom.,2021-05-20,2021-05-15
296,[299],Japan,?,C,?,Manufacturing,Manufacturing,"Toyota made news next when they disclosed that they had been hit by two cyberattacks, the first of which hit its subsidiary Daihatsu Diesel Company, meanwhile, numeroUSJapanese media outlets reported that USsubsidiary Auto Parts ManufacturingMississippi had revealed a ransomware attack.",2021-05-16,2021-05-14
297,[300],UK,?,C,Darkside,Finance,Financeand Insurance ,Insurance broker One Call in the UK were hit by the Darkside gang who allegedly set a ransom of £15 million in exchange for not leaking the firms data,2021-05-26,2021-05-13
298,[301][302],US,?,C,?,Technology,Audio Electronics,Audio giant Bose Corporation disclosed a data breach following a ransomware attack that hit the company earlier this year. ,2021-05-24,2021-03-07
299,[303],US,?,C,?,Education,Education,Sierra College a Northern California community college was hit by ransomware which affected the college website and some Otheronline systems according to a statement posted by the college.,2021-07-07,2021-05-18
300,[304],US,?,C,?,Education,Education,Clover Park School District hit by unknown attackand demanding ransomware. ,2021-05-26,2021-05-25
301,[305],US,?,C,DopplePaymer,Other,Law Enforcement,The Azusa Police Department in Southern California became a victim of the DoppelPaymer criminal gang who exfiltrated data and followed up with a ransom demand.,2021-05-27,2021-03-09
302,[306],US,ReEvil,C,ReEvil,Other,Food Processing ,JBS Foods was forced to shut down production at several global sites following a cyberattack. ,2021-05-31,2021-05-30
303,[307],US,Conti,C,Conti,Retail,Appliance Specalist,Conticybercriminals attack appliance specialist Exagrid. A ransom of $2.6 million was paid to the criminal gang,2021-06-01,2021-05-31
304,[308],Japan,Qbot(?),C,ReEvil(?) ,Other,Conglomerate,Japanese multinational conglomerate Fujifilm partially shut down its Tokyo headquarters in response to a ransomware attack on June 2,2021-06-02,2021-06-01
305,[309],US,?,C,?,Services,Services,"Ferry Servicesin Martha’s Vineyard, Cape Cod, and Nantucket were disrupted by a ransomware attack on June 2. The Regional Steamship Authority managed to avoid cancelling ferries, but passengers suffered significant delays.",2021-06-02,2021-06-02
306,[310],US,?,C,?,Healthcare,Healthcare,Two University of Florida Health hospitals noticed unusual activity in the first few days of June where it continues to impact medical care. ,2021-06-03,2021-05-31
307,[311],UK,?,C,?,Retail,Retail,"British retailer Furniture Village confirmed it was the next victim of a ransomware attack.  As the largest independent furniture retailer in the UK, the cyberattack created significant delays for customers.",2021-06-04,2021-05-29
308,[312],US,?,C,?,Other,Media,"COX Media Group, a large USmedia conglomerate with 54 radio stations and 33 live TV stations reported suffering a ransomware attack that caused interruptions on some of its media channels causing some of its live broadcasts to be suspended",2021-06-03,2021-06-03
309,[313],US,?,C,? ,Technology,Technology,"iConstituent, a Technologyvendor used by the USCongress was unavailable for several weeks as a result of a ransomware incident ",2021-06-08,2021-06-01
310,[314],US,?,C,?,Manufacturing,Manufacturing,LineStar Integrity Serviceshit by attack leaking 70 gigabytes to the Dark Web,2021-07-06,2021-06-05
311,[315],Taiwan,?,C,Ragnar Locker,Manufacturing,Manufacturing,"ADATA, the Taiwan based computer memory and storage component manufacturer was forced it to take its networks offline following a ransomware attack ",2021-06-08,2021-06-23
312,[316],UK,?,C,?,Education,Education,The Skinner’s Kent Academy and Skinner’s Kent Primary School in the UK reported that ransomware attacks were behind recent school closures,2021-06-10,2021-06-02
313,[317],US,?,C,?,Services,Services,Food service supplier Edward Don was forced to shut down parts of its company network to protect itself from a cyberattack. ,2021-06-10,2021-06-08
314,[318],US,ReEvil,C,ReEvil,Government,Government,"Cybercrime organization REvil claimed responsibility for attacking Sol Oriens , a USGovernmentcontractor that manages nuclear weapons programs for the National Nuclear Security Administration. ",2021-06-14,2021-06-11
315,[319],Ireland,ReEvil,C,ReEvil,Other,Energy,Solar and wind developer Invenergy reported an attack that included the disclosure of personal data connected to its chief executive officer Michael Polsky.,2021-06-14,2021-06-11
316,[320],US,?,C,Avaddon,Government,Government,"The town of freeport told to pay $10,000 to the Avaddon gang but have so far refused to pay",2021-06-15,2021-06-08
317,[321],Canada,?,C,?,Healthcare,Healthcare,The Humber River Hospital in Toronto reported it had been struck by a ransomware attack. Upon discovering the attack the hospital’s IT team immediately began restarting and patching its computer systems manually,2021-06-15,2021-06-14
318,[322],US,?,C,?,Healthcare,Healthcare,"A fertility clinic in Georgia,  Reproductive Biology Associates notified 38,000 patients that their medical data may have been leaked in a ransomware attack that took place on June 22nd",2021-06-22,2021-06-22
319,[323],Belgium,?,C,?,Government,Government,The City of Liege in Belgiumsuffered a disruption of its municipal IT systems following a cyberattack. ,2021-06-22,2021-06-21
320,[324],Brazil,ReEvil(?) ,C,?,Healthcare,Healthcare,"Grupo Fleury, one of the largest medical diagnostics providers in Brazilnotified visitors to their website that a cyberattack had disrupted its IT systems. ",2021-06-23,2021-06-22
321,[325],US,?,C,?,Healthcare,Healthcare,St. Joseph’s/Candler Hospital in Georgia reported that they had been a victim of ransomware.  ,2021-08-19,2021-06-17
322,[326],UK,Conti(?),C,Conti(?),Other,Charity,"The Salvation Army was next to find themselves victim of a ransomware attack. The UK arm of the religioUScharitable organization confirmed they were investigating ‘an IT incident’ but have declined to give further information, such as the identity of the criminal attackers or the volume and type of data accessed by them",2021-07-01,2021-06-01
323,[327],US,ReEvil,C,ReEvil,Technology,Technology,A massive supply chain attack on USsoftware company Kaseya. The REvil gang cause havoc globally when they launched the attack over the 4th of July weekend. This affected 1500 companies,2021-07-06,2021-07-02
324,[328],US,ReEvil,C,ReEvil,Healthcare,Healthcare,"REvil struck the University Medical Center of Southern Nevada next. Although the medical center took quick action to contain the threat, it seems patient data was still exfiltrated.",2021-08-13,2021-06-15
325,[329],Sweden ,ReEvil,C,ReEvil,Retail,Retail,"Coop, a supermarket chain in Sweden were forced to close over half their 800 stores due to a serioUSattack, This is releated to the Kaseya attack as they are linked via software showing the massive implications this attack has had",2021-07-03,2021-07-02
326,[330],US,Cozy Bear,C,Cozy Bear,Technology,Technology,Technologydistributor SYNNEX hit by attack with Cozy Bear thought to be behind it. ,2021-07-06,2021-07-02
327,[331],US,ReEvil,C,ReEvil,Government,Government,Town administrator for Leonardtown Maryland received a popup on the lunch time on the 2nd July 2021 freezing her compute. Later determined to be a victim of the Kaseya attack,2021-07-08,2021-07-02
328,[332],Switzerland,?,C,?,Retail,Retail,Swiss online consumer outlet Comparis filed a criminal complaint over a ransomware attack that affected some of their systems. ,2021-07-09,2021-07-07
329,[333][334],Germany,?,C,?,Government,Government,"The next incident was reported in eastern Germanywhere the municipality of Anhalt-Bitterfeld computer systems were paralyzed by a ransomware attack described by the federal cybersecurity watchdog as the country’s first-ever “cyber-catastrophe"".",2021-07-27,2021-07-16
330,[335],US,ReEvil,C,ReEvil,Other,Leisure and Entertainment,"Pennsylvania-based FamoUSSmoke Shop was forced to shut down its website, Retailstore and cigar lounge due to a ransomware attack. This is one of the kaseya attack victims",2021-07-16,2021-07-12
331,[336],US,ReEvil,C,ReEvil,Education,Education,"The next victim from the Kaseya attack was Morgan County Schools in Tennessee, USA. The school confirmed at a board meeting that the hack had occurred on Friday July 2nd and was contained to some of their office computers. ",2021-07-14,2021-07-02
332,[337],US,ReEvil,C,ReEvil,Healthcare,Animal Healthcare,"An attack on York Animal Hospital in Maine managed to wipe all patient records from the last four years. The practice’s computers locked up, and the screen on one carried a ransom note demanding $80,000 in Bitcoin for files to be restored, the practice refused to pay. The REvil gang was behind the attack.",2021-07-07,2021-07-05
333,[338],US,?,C,?,Technology,Technology,"Cloudstar, a Florida based company that provides Technologyfor hundreds of title companies and lenders was hit by a ‘highly-sophisticated’ ransomware attack.",2021-07-17,2021-07-16
334,[339],Ecuador,RansomEXX,C,RansomExx,Government,Government,The next attack took place in Ecuador where state run Corporación Nacional de Telecomunicación (CNT) became a victim of RansomEXX ransomware.,2021-07-17,2021-07-16
335,[340],Australia,?,C,?,Logistics,Logistics,"Shriro Holdings, an Australian distributor of white goods and consumer electronics issued a letter to shareholders to notify them that bad actors had gained “unauthorized access to its operating systems",2021-07-19,2021-07-16
336,[341],UK,?,C,?,Transport,Transportation,"Northern Rail in the UK, a Governmentrun transportation network had their new self-service ticket machines targeted by a ransomware attack. ",2021-07-20,2021-07-13
337,[342],US,AvosLocker,C,AvosLocker,Government,Government,The City of Geneva in Ohio were hit by a new strain of ransomware known as AvosLocker. ,2021-07-20,2021-07-16
338,[343],US,?,C,?,Education,Education,A ransomware attack on New York based Emma Willard School resulted in the theft of employee social security numbers and financial information.,2021-07-26,2021-07-19
339,[344],Russia,?,C,?,Other,Ransomware,Babuk Ransomware Gang attacked by an unknown ransomware gang and demanded a $5000 ransomw which babuk refused to pay. ,2021-07-26,2021-07-21
340,[345],South Africa,?,C,?,Logistics,Logistcs,South African port operator Transnet was forced to halt operations after a ransomware attack crippled its IT systems.,2021-07-27,2021-07-20
341,[346],Canada,?,C,?,Technology,Technology,Canadian entertainment Technologyprovider D-Box shared that they were recovering from a ransomware attack that partially paralyzed many of its IT systems earlier in the month.,2021-07-29,2021-07-14
342,[347],US,?,C,?,Government,Government,The City of Grass Valley in Nevada discovered that bad actors had been able to access their information systems. The unknown gang behind the attack disclosed that they had exfiltrated data which they planned to publish if a ransom wasn’t paid. ,2021-07-27,2021-06-29
343,[348],Italy,?,C,?,Healthcare,Healthcare,"The first reported incident of the month took place in Italy where the Italian vaccination registration system was taken offline by the RansomEXX gang. The attack on Italy’s Lazio region had rendered every file in the system inaccessible and meant that residents of the region which includes Rome, were unable to book Covid-19 vaccinations.",2021-08-03,2021-08-02
344,[349],US,?,C,?,Finance,Finance,Venture capital firm Advanced TechnologyVentures made headlines after a ransomware attack resulted in the theft of personal information relating to its investors.,2021-08-04,2021-07-09
345,[350],UK,?,C,?,Education,Education,The Isle of Wight EducationFederation in the UK was next to disclose that their IT systems were impacted by a ransomware attack which affected six schools,2021-08-03,2021-08-03
346,[351],UK,LockBit 2.0,C,LockBit,Other,Energy,Italian energy group ERG reported minor impact on their organization following at attack from the LockBit 2.0 gang.,2021-08-04,2021-08-04
347,[352],US,?,C,?,Healthcare,Healthcare,Eskenazi Health in Indiana was forced to divert ambulances following a ransomware attack,2021-10-01,2021-05-19
348,[353],Italy,?,C,RansomEXX,Retail,Retail,"AnOtherItalian attack, this time it’s luxury fashion house Ermenegildo Zegna. The company which is the largest menswear brand in the world by revenue operates 480 Retailstores.",2021-08-06,2021-08-05
349,[354],Taiwan,?,C,RansomEXX,Manufacturing,Manufacturing,The next victim for RansomEXX was Taiwanese PC manufacturer Gigabyte. Sources told news outlet Bleeping Computer that the gang had stolen 12GB of sensitive internal data as well as info from a code repository during the attack.,2021-10-22,2021-06-08
350,[355],Ireland,LockBit,C,LockBit,Other,Consultancy,Up next is Irelandheadquartered global IT consultancy giant Accenture who became a victim of the LockBit ransomware gang.,2021-08-11,2021-08-10
351,[356],US,?,C,?,Government,Government,The Department of Environmental Protection in Maine issued a warning to municipalities to be on alert following two ransomware intrusions that occurred in the Aroostook County town of Limestone and the town of Mount Desert on Mount Desert Island. ,2021-08-15,2021-08-13
352,[357],US,?,C,?,Healthcare,Healthcare,An attack on Memorial Health System saw dozens of hospitals and clinics in West Virginia and Ohio cancelling surgeries and diverting ambulances following a ransomware attack.,2021-08-16,2021-08-15
353,[358],Brazil,?,C,?,Government,Government,The Ministry of Economy of the Governmentof Brazilannounced that the internal network of the National Treasury was hit by a ransomware attack. ,2021-08-17,2021-08-13
354,[359],UK,?,C,?,Government,Social Housing,"Forviva Group, a UK based social housing group confirmed that data had been stolen from ForHousing and Liberty, two organizations within the group.",2021-08-19,2021-08-18
355,[360][361],Finland,Conti,C,Conti,Technology,Telecommunications,"Nokia subsidiary SAC Wireless was a victim of the Contiransomware gang who were able to successfully breach its network, exfiltrate data and encrypt the company’s systems. ",2021-08-23,2021-06-16
356,[362],Thailand,LockBit,C,LockBit,Other,Airline,"Next to make headlines was Bangkok Air, Thailand’s third largest airline. The company issued a press release confirming the attack after the LockBit gang posted a message on the Dark Web threatening to release stolen data if the ransom wasn’t paid.",2021-08-26,2021-08-23
357,[363],Canada,?,C,?,Other,Law Enforcement,The Sault Ste. Marie Police in Ontario Canada became a victim of ransomware in the third week of August. ,2021-08-30,2021-08-26
358,"[364], [365]",US,?,C,?,Healthcare,Healthcare,"Indiana based CarePointe ENT, an ear, nose, throat, sinUSand hearing center, suffered a ransomware attack that may have exposed the personal health data of nearly 50,000 patients.",2021-08-23,2021-06-25
359,[366],Canada,CryCryptor,C,CryCryptor,Heathcare,Healthcare,CryCryptor ransomware masquerades as COVID-19 contact-tracing apps on Android device,2020-06-22,2020-06-24
